Form_1,Form_2,Form_3,Form_4
ITEM0009,ITEM0003,ITEM0001,ITEM0050
ITEM0017,ITEM0005,ITEM0002,ITEM0059
ITEM0024,ITEM0008,ITEM0004,ITEM0074
ITEM0026,ITEM0010,ITEM0007,ITEM0084
ITEM0031,ITEM0011,ITEM0012,ITEM0125
ITEM0041,ITEM0019,ITEM0013,ITEM0126
ITEM0054,ITEM0025,ITEM0016,ITEM0145
ITEM0056,ITEM0028,ITEM0020,ITEM0147
ITEM0631,ITEM0038,ITEM0022,ITEM0274
ITEM0683,ITEM0097,ITEM0032,ITEM0353
ITEM0694,ITEM0130,ITEM0046,ITEM0355
ITEM0707,ITEM0248,ITEM0086,ITEM0403
ITEM0728,ITEM0258,ITEM0149,ITEM0405
ITEM0736,ITEM0259,ITEM0187,ITEM0422
ITEM0740,ITEM0367,ITEM0282,ITEM0463
ITEM0745,ITEM0380,ITEM0293,ITEM0523
ITEM0746,ITEM0425,ITEM0308,ITEM0530
ITEM0747,ITEM0461,ITEM0396,ITEM0534
ITEM0748,ITEM0462,ITEM0553,ITEM0603
ITEM0750,ITEM0541,ITEM0635,ITEM0627
