Version_1,Version_2,Version_3,Version_4
ITEM0015,ITEM0025,ITEM0005,ITEM0007
ITEM0032,ITEM0037,ITEM0054,ITEM0078
ITEM0033,ITEM0087,ITEM0144,ITEM0136
ITEM0090,ITEM0118,ITEM0221,ITEM0156
ITEM0122,ITEM0130,ITEM0223,ITEM0203
ITEM0131,ITEM0149,ITEM0228,ITEM0234
ITEM0216,ITEM0192,ITEM0290,ITEM0275
ITEM0282,ITEM0219,ITEM0316,ITEM0289
ITEM0283,ITEM0238,ITEM0320,ITEM0345
ITEM0380,ITEM0239,ITEM0329,ITEM0352
ITEM0408,ITEM0335,ITEM0331,ITEM0363
ITEM0450,ITEM0346,ITEM0375,ITEM0376
ITEM0514,ITEM0452,ITEM0379,ITEM0496
ITEM0518,ITEM0465,ITEM0585,ITEM0517
ITEM0615,ITEM0500,ITEM0636,ITEM0541
ITEM0622,ITEM0522,ITEM0658,ITEM0598
ITEM0628,ITEM0550,ITEM0679,ITEM0621
ITEM0629,ITEM0559,ITEM0686,ITEM0653
ITEM0647,ITEM0690,ITEM0697,ITEM0670
ITEM0655,ITEM0736,ITEM0715,ITEM0681
